Workbook

Sheet Sample Data
A1: ID | B1: Name | C1: Department | D1: Region | E1: Units Sold | F1: Unit Price (USD) | G1: Total Revenue (USD)
A2: 1 | B2: Person 1 | C2: Sales | D2: North | E2: 120 | F2: 25 | G2: =E2*F2 -> 3000
A3: 2 | B3: Person 2 | C3: Marketing | D3: South | E3: 340 | F3: 60 | G3: =E3*F3 -> 20400
A4: 3 | B4: Person 3 | C4: Engineering | D4: East | E4: 75 | F4: 88 | G4: =E4*F4 -> 6600
A5: 4 | B5: Person 4 | C5: Finance | D5: West | E5: 410 | F5: 14 | G5: =E5*F5 -> 5740
A6: 5 | B6: Person 5 | C6: Operations | D6: North | E6: 260 | F6: 47 | G6: =E6*F6 -> 12220
A7: 6 | B7: Person 6 | C7: Sales | D7: South | E7: 90 | F7: 99 | G7: =E7*F7 -> 8910
A8: 7 | B8: Person 7 | C8: Marketing | D8: East | E8: 500 | F8: 33 | G8: =E8*F8 -> 16500
A9: 8 | B9: Person 8 | C9: Engineering | D9: West | E9: 180 | F9: 72 | G9: =E9*F9 -> 12960
A10: 9 | B10: Person 9 | C10: Finance | D10: North | E10: 305 | F10: 19 | G10: =E10*F10 -> 5795
A11: 10 | B11: Person 10 | C11: Operations | D11: South | E11: 145 | F11: 55 | G11: =E11*F11 -> 7975
A12: 11 | B12: Person 11 | C12: Sales | D12: East | E12: 220 | F12: 41 | G12: =E12*F12 -> 9020
A13: 12 | B13: Person 12 | C13: Marketing | D13: West | E13: 480 | F13: 28 | G13: =E13*F13 -> 13440
... A21: 20 | B21: Person 20 | C21: Operations | D21: West | E21: 95 | F21: 90 | G21: =E21*F21 -> 8550
A22: Total | E22: =SUM(E2:E21) -> 5045 | G22: =SUM(G2:G21) -> 203155

Sheet Summary
A1: Total Revenue by Department
A2: Department | B2: Total Revenue (USD)
A3: Sales | B3: =SUMIF('Sample Data'!$C$2:$C$21,A3,'Sample Data'!$G$2:$G$21) -> 31330
A4: Marketing | B4: =SUMIF('Sample Data'!$C$2:$C$21,A4,'Sample Data'!$G$2:$G$21) -> 58040
A5: Engineering | B5: =SUMIF('Sample Data'!$C$2:$C$21,A5,'Sample Data'!$G$2:$G$21) -> 35260
A6: Finance | B6: =SUMIF('Sample Data'!$C$2:$C$21,A6,'Sample Data'!$G$2:$G$21) -> 31630
A7: Operations | B7: =SUMIF('Sample Data'!$C$2:$C$21,A7,'Sample Data'!$G$2:$G$21) -> 46895
A8: Grand Total | B8: =SUM(B3:B7) -> 203155
A10: Total Units Sold by Region
A11: Region | B11: Units Sold
A12: North | B12: =SUMIF('Sample Data'!$D$2:$D$21,A12,'Sample Data'!$E$2:$E$21) -> 1095
A13: South | B13: =SUMIF('Sample Data'!$D$2:$D$21,A13,'Sample Data'!$E$2:$E$21) -> 1170
A14: East | B14: =SUMIF('Sample Data'!$D$2:$D$21,A14,'Sample Data'!$E$2:$E$21) -> 1485
A15: West | B15: =SUMIF('Sample Data'!$D$2:$D$21,A15,'Sample Data'!$E$2:$E$21) -> 1295
A16: Grand Total | B16: =SUM(B12:B15) -> 5045

Sheet Lorem Ipsum
A1: Lorem Ipsum Filler Text
A3: Lorem ipsum dolor sit amet, consectetur adipiscing elit, sed do eiusmod tempor incididunt ut labore et dolore magna aliqua.
A4: Ut enim ad minim veniam, quis nostrud exercitation ullamco laboris nisi ut aliquip ex ea commodo consequat.
A5: Duis aute irure dolor in reprehenderit in voluptate velit esse cillum dolore eu fugiat nulla pariatur.
A6: Excepteur sint occaecat cupidatat non proident, sunt in culpa qui officia deserunt mollit anim id est laborum.
A9: Item | B9: Description | C9: Notes
A10: Lorem | B10: Consectetur adipiscing elit | C10: Sed do eiusmod tempor
A11: Ipsum | B11: Incididunt ut labore | C11: Et dolore magna aliqua
A12: Dolor | B12: Ut enim ad minim veniam | C12: Quis nostrud exercitation
A13: Sit | B13: Ullamco laboris nisi | C13: Ut aliquip ex ea commodo
A14: Amet | B14: Duis aute irure dolor | C14: In reprehenderit voluptate

Sheet Charts
A1: Total Revenue Trend
